,icao24,start,end
0,ab329e,0,355195
1,a085a4,2,129515
2,a81373,3,47286
3,a81373,141572,167302
4,accd8c,4,188563
5,a5949f,6,40120
6,a5949f,571561,797441
7,a209b9,10,503316
8,a5031a,11,421442
9,a8e0a5,13,768812
10,c815a9,16,435357
11,424383,19,1745945
12,a27a43,21,321397
13,a77f2d,28,55475
14,a83f2b,36,1254037
15,a810af,37,190704
16,a94ae5,42,1195479
17,a653f6,46,856550
18,aa9202,47,737049
19,a742ec,72,540711
20,504e44,77,495744
21,ace621,85,1363406
22,a2a5e4,87,738511
23,aa02ab,94,297829
24,49529a,103,312185
25,ab5fdf,109,158100
26,a2d92a,120,1093110
27,a42f51,124,1541283
28,a3f120,132,412390
29,a1ba0f,373260,404107
30,aaa9fb,144,1035802
31,a683a8,168,1458194
32,aba575,172,473792
33,780738,177,693498
34,a082fd,179,336442
35,abe0df,184,350755
36,8514f8,189,127999
37,abfd8c,198,457326
38,aa2abc,206,909208
39,a6eab4,214,1683326
40,a08a8f,216,405594
41,a08a8f,412185,813258
42,a04677,220,5983
43,a2c9ec,230,917076
44,abdcdc,246,1514272
45,a8fadf,248,14126
46,c81ea3,249,1441006
47,adf991,954124,1072385
48,06a2e1,252,519218
49,a105f2,258,1065127
50,aafbdf,259,601017
51,acbf63,265,129302
52,a83108,268,1414328
53,a826f1,271,571441
54,a9df2f,274,421241
55,a1bf3a,276,768212
56,a57bc6,277,1753718
57,a042db,283,960175
58,a46d95,284,975555
59,a890de,285,166994
60,7c7bd7,296,1066286
61,ac3078,306,60983
62,aa56b4,318,760052
63,3951c2,335,144161
64,ab6eb9,338,390278
65,a21f94,343,872859
66,a081ca,349,1563574
67,a12723,355,887238
68,a3cc82,357,783120
69,a8c44b,361,1166946
70,a50c3e,364,617908
71,a2b562,368,213281
72,e495de,381,670779
73,a8d2a8,390,189611
74,a8ad4e,391,1043144
75,a8ad4e,1049501,1457914
76,7c6dd7,395,828607
77,ab3d9a,411,229036
78,a3d87d,419,1737709
79,a871ec,424,826167
80,471f4b,426,1619811
81,a5ff57,427,280911
82,a5ff57,283182,466159
83,a5ff57,472400,1500860
84,a43ee5,432,1556749
85,a7c3c9,456,1399326
86,ad694c,462,885306
87,a828d3,465,321484
88,a2f366,467,715849
89,ab9078,485,1071463
90,a1f822,498,609710
91,a752ea,506,1078014
92,a7cdf6,507,466676
93,a8d4cc,509,678416
94,a34ecc,150975,157584
95,a641fd,516,1514360
96,780f3e,518,1613717
97,71be16,526,730510
98,acd9d0,12634,220456
99,a1110d,543,283193
100,a8aba8,553,924684
101,ac3c75,554,945041
102,c008c6,557,1710631
103,a78da1,526654,534441
104,a882f8,566,1240771
105,a33666,568,1441833
106,ac4e85,571,1131118
107,ac4e85,1161184,1166696
108,a960ca,587,228250
109,a36212,598,54161
110,a7debf,621,886411
111,aae371,623,1239757
112,a96157,627,1013264
113,a2033a,630,328931
114,a949a4,631,1035774
115,c87ee0,708695,714925
116,aa763f,641,692072
117,a32056,642,75153
118,48ae07,651,14223
119,a0ad1d,654,1585519
120,c058d5,655,1327366
121,a37efc,659,871837
122,c81ce6,663,496763
123,ab30f0,672,549548
124,ab30f0,564653,579822
125,c1e16f,527511,1484166
126,c06a58,676,142646
127,a3d0ce,681,1174939
128,a5738b,684,329576
129,a7ef40,711,1219527
130,a3948d,719,1182505
131,abb995,721,527790
132,a466d2,734,715041
133,a992e4,745,1256711
134,a08f6b,750,954593
135,a57afe,759,75778
136,7c4bf6,762,343090
137,a4f39b,765,1434602
138,a4f39b,1470995,1483619
139,a6c407,772,126943
140,a6c407,329632,389927
141,a6c407,814133,918321
142,abe579,773,190638
143,a0a457,779,1584521
144,a93ac8,789,6510
145,acb285,796,962165
146,a120f3,802,1662954
147,a9f87d,810,1555115
148,a0428a,816,1369840
149,a001f9,826,945401
150,ac9e77,828,1261824
151,a1a9f4,836,1021014
152,a1a9f4,1154087,1160387
153,a5e073,838,1019522
154,a976c7,845,129359
155,acab44,872,434235
156,aaf53a,883,1626704
157,a86a28,886,281543
158,a9508a,893,1175120
159,ad8c4c,899,479088
160,ab618b,902,707734
161,a63e0d,908,640182
162,ac7b8a,915,6890
163,a0a152,930,114109
164,a62a80,955,68120
165,a62a80,1521625,1526588
166,a16adc,961,1057057
167,a1ff83,963,33774
168,ac583f,969,768684
169,aa735a,982,797214
170,a9b0ed,989,1400561
171,e48273,993,1655093
172,a287a4,995,842319
173,e4851a,996,1455006
174,acfd29,997,1022239
175,ad14a8,999,1233327
176,a0be81,1008,236954
177,a99ed2,1011,1042060
178,06a107,1022,1092613
179,aa9eef,1024,273749
180,abfc71,1027,1500331
181,ac712d,1031,1463071
182,ac712d,1626595,1641813
183,c07fb9,1036,1521573
184,ae055f,1039,175465
185,ae055f,182486,1168320
186,ab39f0,1043,1139976
187,a3d890,1044,555376
188,a26025,1047,428053
189,a8cebc,83888,90872
190,a75dc7,1052,1297139
191,a30ffd,1054,1314589
192,a30ffd,1357997,1363448
193,a44533,1060,679045
194,adcce3,1062,909006
195,adcce3,916091,1117253
196,ab754e,1064,250981
197,a4d65c,1074,1021000
198,a03423,1082,1124192
199,c057db,1083,327243
200,ab628c,1097,358374
201,7805a9,1106,960462
202,c82284,1109,1540963
203,a3338c,1110,442394
204,a1bb1f,1114,1392503
205,a5f3cf,1115,813284
206,a88ab7,1122,142230
207,a09590,1124,404562
208,a5625b,1126,693623
209,ad1a4e,1127,1283611
210,a596c8,1131,533877
211,a9969b,1138,916619
212,acaa74,1144,767219
213,3c1ff3,134888,571698
214,3c1ff3,885469,917199
215,a7a616,1150,1282724
216,06a07f,1154,812092
217,a14d78,1157,112808
218,a14d78,1726064,1738234
219,ab7fee,1162,1377375
220,c052e0,1165,172659
221,474806,38653,82660
222,474806,685719,738523
223,474806,915448,998557
224,474806,1313459,1606298
225,a17c14,1177,159567
226,aa56b8,1183,312165
227,a4ad27,1192,1072498
228,abb810,1214,1018839
229,a83ef2,1219,389497
230,e49266,1221,903602
231,a4e1ec,1232,572572
232,a4fd0e,1238,1195551
233,c07c3d,1240,752087
234,a3a084,1256,466854
235,a3a084,480403,480848
236,ab7b99,1259,342801
237,a98f38,1270,1242229
238,4c01e1,1273,282700
239,ac4717,1278,933217
240,ac4717,1021334,1028703
241,a4414a,1286,639688
242,a7e318,1296,760904
243,a696d5,1299,316001
244,a095f0,1304,976105
245,451dbd,1314,458669
246,a0acf9,1321,587757
247,abda54,1330,588459
248,a8152b,1334,1239916
249,ab1628,1340,918039
250,a3db93,1344,449209
251,a92384,1349,1218528
252,a81001,1350,1478540
253,7c6d33,1360,1592459
254,4caf9a,1362,790430
255,3c4590,1363,141418
256,a63649,1368,280447
257,406f78,1372,938264
258,02013f,1375,542829
259,4240e7,1388,603439
260,4240e7,737396,738460
261,abaaa8,1392,1109704
262,a4b96d,1396,244129
263,aacfe9,1401,25119
264,a21127,1418,648219
265,a21127,754200,768366
266,a94105,1421,1619735
267,aaa2d3,1425,518289
268,aaa2d3,526214,527221
269,a80c87,1431,81949
270,a39bfa,1437,1271509
271,a69e6e,1439,1037546
272,abd932,1448,1155229
273,7c802d,1451,1358681
274,ab2f82,1454,131135
275,a3534a,1462,553018
276,06a038,1463,866407
277,06a30a,1466,596654
278,abd254,1483,131204
279,a376fe,1485,1415712
280,e47ed1,1487,1509326
281,a33272,1493,7319
282,a8d4d2,1494,1430684
283,a36994,1503,1643423
284,a15b46,1511,718931
285,0d0993,1513,1685017
286,ad35e0,1518,792907
287,a722db,1528,1508116
288,a43f51,1529,1111629
289,ab3c61,1530,331008
290,acd650,1531,1148539
291,acb59c,1533,1044207
292,acb59c,1045724,1088391
293,a6faca,1545,146344
294,8681b9,1548,1344398
295,ab8fee,1554,1565993
296,abaafe,1557,444986
297,ac82f5,1569,260808
298,a4ddca,1571,709683
299,a5ea9a,1581,1380660
300,a196c8,1594,22963
301,aac6ee,1596,679375
302,a651cb,1598,223407
303,a19b18,1602,1466024
304,c8195d,1607,1265708
305,a8e29c,1608,850863
306,adfdf2,1609,641186
307,ab7abc,1622,78086
308,a88e2e,1633,489541
309,a88fd5,1641,216107
310,ab23b5,1656,261314
311,a448db,1673,461535
312,a67c3a,1674,1467002
313,ab477d,1678,436991
314,3c1ff9,792070,1192070
315,a16af3,1680,278571
316,ab92a0,1684,1623594
317,abcedd,1689,611642
318,abe7e3,1691,1082580
319,a92362,1695,1198767
320,aae6e6,1699,536953
321,a133f8,1704,640796
322,a35aae,1720,658411
323,a12543,1725,1409102
324,7c6db2,1733,904888
325,a043ec,1737,649320
326,a07bef,1741,368106
327,a07bef,369748,528720
328,ab72b3,1745,330105
329,a091fd,1751,999486
330,a086ce,1753,1023782
331,ac64cf,1768,429232
332,ac64cf,551318,552266
333,06a2e9,1769,703741
334,a6cec4,1770,1510106
335,a27380,1772,307566
336,a1ad5a,1773,719120
337,a314d9,1775,619878
338,adfbe0,1776,446193
339,896353,1781,605238
340,a4e181,1788,853600
341,c8234f,1791,1635672
342,7c6d8e,1792,733470
343,aa9e4a,1799,1494030
344,aa72f5,1804,1658085
345,c0103a,1826,1000961
346,a22642,1835,672828
347,c053f6,1836,971949
348,a382b6,1851,323678
349,a3a9b6,1855,369217
350,a69894,1856,860466
351,a254f8,1867,544581
352,a1fb8f,1872,1734155
353,a1b4ab,1876,1685375
354,abef98,1879,145995
355,abac48,1914,1030486
356,a7d7f3,1916,1344901
357,a8bc13,1918,330239
358,a23d25,1923,1149614
359,a01805,1929,815446
360,adfbdd,36192,574547
361,adfbdd,1089441,1705162
362,a62e13,1936,837087
363,a537ed,1940,912757
364,a168f8,1945,1029095
365,ac3d94,1950,1523260
366,a88467,896829,898152
367,a56dcf,1965,123746
368,a56dcf,263094,268624
369,a51f4a,1966,1140218
370,a134d3,1976,78242
371,a1e6b9,1982,1352702
372,aa9f3f,1988,605303
373,ad60b7,1997,367809
374,a3c4d2,2002,582496
375,ab4b1a,2009,703246
376,a7133f,2015,238296
377,a40027,2017,883017
378,a76f68,2019,658034
379,a56e48,2026,1416348
380,a9ab2d,2027,277740
381,a26381,2032,1453195
382,ad2445,2036,1467042
383,c0054a,2044,1465600
384,a837a5,2049,1309064
385,a837a5,1436760,1452950
386,abdcfd,2072,1330114
387,a1c26e,2079,800420
388,ac121a,2088,731724
389,e495fc,2090,215250
390,aad72c,2093,1705900
391,a0851b,2096,444684
392,a002ec,2099,619865
393,abd536,2103,191575
394,abd536,1616033,1622494
395,acad53,2112,1657183
396,a5a665,2114,972003
397,a3414e,2116,642227
398,a81b10,2117,354926
399,a186ad,2118,656043
400,a7e145,2124,330467
401,a23c5d,2130,762324
402,abf96c,2134,1323508
403,acd5aa,2138,734031
404,aa4200,2143,1220191
405,aa4200,1229200,1234367
406,ad3968,2145,7509
407,a086d8,2151,1636297
408,a9bc12,2153,1300781
409,ac7ac9,2156,537659
410,a542d7,2168,306285
411,a7cb0b,2178,184242
412,c1e1a7,2181,406518
413,a388a9,2184,27961
414,a9f821,2185,237790
415,ac8777,2189,1381637
416,aaba44,2192,1381126
417,abe930,2193,198803
418,a41e29,2199,22959
419,a37986,2204,643213
420,48ae00,2205,278328
421,a0fbfa,2208,866135
422,a0fbfa,882193,1001939
423,3c83a7,822950,829824
424,e4941c,2213,581003
425,acc798,2217,505392
426,a8173d,2222,1429792
427,ac6118,2227,474976
428,a1f595,2234,1587312
429,abd971,2249,970544
430,aac189,2250,1650000
431,a70163,2253,428888
432,a7d085,2258,1553072
433,a41b89,2260,883104
434,a0c8d1,2261,1162568
435,ab3880,2268,514227
436,a6f9fa,2280,354736
437,c035d4,2281,1008685
438,a661ed,2307,383033
439,aade29,2309,1237142
440,a36737,2322,671833
441,344481,1595712,1600657
442,ab20df,2340,634484
443,a841f5,2347,63726
444,a8fc06,2359,36258
445,e485f0,2367,799546
446,a520e2,2374,1014552
447,a4d99a,2394,283974
448,aded77,2403,1060854
449,a846b6,2404,882743
450,c1e17e,2405,1308049
451,ab2b2c,2410,1059830
452,e49476,2414,656130
453,e49476,658031,770504
454,aa7b33,2417,874895
455,a3b4d6,2418,688305
456,acbc0c,2420,206903
457,acbc0c,222979,231312
458,acb824,2422,1740348
459,abdc56,2429,612080
460,abb595,2433,1222406
461,a5414a,2445,413232
462,a2bb83,2467,1228796
463,a48c07,2476,200573
464,a6bf5a,2480,823734
465,a6f403,2484,695687
466,7c6de0,2488,1208025
467,4070a7,2492,1464773
468,accd7e,2495,400149
469,872f5c,2500,443715
470,a39ac6,2526,1623974
471,ad5658,2546,925823
472,e4855e,2548,1207041
473,e4855e,1213312,1698944
474,a72c78,2551,1125900
475,acc02b,2560,754520
476,a5a888,2565,925526
477,e48c30,2570,1593623
478,a45592,2582,1315909
479,a9b85b,2596,1088619
480,c1e5de,2607,198832
481,c1e5de,1221818,1444042
482,a43ea3,2610,1438817
483,a0960c,2626,1190857
484,495301,2631,1162253
485,4952aa,2636,1250717
486,e47f0f,2641,321744
487,a8a083,2643,1257148
488,4bb467,2663,761140
489,ad4f81,2669,927137
490,a9ce0f,2680,1140828
491,a280a4,2687,253348
492,ade543,2705,223670
493,84b868,2706,306812
494,7c6ca0,2713,1440256
495,8681ae,2715,164551
496,8681ae,1624962,1639576
497,8681ae,1658645,1660191
498,8681ae,1715274,1716689
499,8681ae,1735742,1744845
500,a81006,2716,1574825
501,a21026,2719,560087
502,a21026,563029,1010411
503,a26454,2729,667451
504,a445ef,2750,833212
505,a326ca,2757,964898
506,a326ca,981038,1069744
507,acba1b,2758,1417810
508,acba1b,1483275,1489639
509,a02390,2769,1287979
510,a8ced2,2776,1348496
511,ac15d1,2784,193829
512,ac15d1,208487,1033171
513,a01097,2803,110167
514,a05cc7,2808,531933
515,a4189f,2822,455098
516,a3460e,2834,195534
517,ab58b2,2842,1382100
518,a04424,2845,1136632
519,aaeb0e,2846,1646877
520,3c542a,2858,575935
521,aa1f65,2866,1545678
522,a64163,2871,1085835
523,a6e767,2872,786022
524,a673cf,2892,94387
525,a673cf,264866,416730
526,ac77d3,2894,1491564
527,aaa244,2901,803505
528,aa9d1a,2902,1397721
529,a706ea,2908,1038859
530,aaf5a9,2918,256295
531,aae16b,2923,318140
532,ab6b04,2926,578264
533,aa017c,2934,301212
534,c1e0ec,2935,840325
535,abb507,2950,1246616
536,ada699,2954,921821
537,a9d807,2963,816999
538,c05737,2974,1419124
539,aaed5a,2976,1318223
540,a0fe7a,2981,379343
541,a06dc9,2982,1097616
542,a7fbbb,2986,125860
543,a2a6fe,2987,1390990
544,a51d1b,2996,1610879
545,aae162,3004,815831
546,abe4db,3009,1582805
547,a91536,3012,884607
548,a324d9,3013,803709
549,474802,3020,1590113
550,a390ff,3021,1757627
551,a3b268,3036,1545720
552,acbeb0,3038,523222
553,a66174,3046,1461478
554,a21053,3059,1011880
555,ae1460,3061,264602
556,a011ac,3062,356807
557,a4bf49,3064,1141910
558,a455c7,3066,517234
559,c03001,3068,1374839
560,a24aca,3074,349746
561,a6280c,3083,1717233
562,adce2a,3085,16656
563,a2195d,3086,1193793
564,a06703,3087,264089
565,a22d7b,3100,147074
566,a9db33,3110,705401
567,ab6cb0,3111,59518
568,a2d1bc,3115,995296
569,a27f07,3117,1120802
570,a27f07,1136425,1142089
571,a95dd3,3119,795068
572,aa8c10,3121,815818
573,a1c9f5,3124,241976
574,aa2a7f,3125,89502
575,4844a0,3141,264379
576,a291ce,3165,73413
577,a90408,3171,554583
578,a21142,3172,966046
579,a8db1c,3177,824422
580,406de5,3185,110617
581,a05f31,3189,1274226
582,a2189c,3198,470369
583,a211ef,3202,1502658
584,a86a7e,3206,1440319
585,a703c1,3207,944604
586,aac118,3209,462994
587,aac118,469943,1681478
588,7c6c53,3215,156309
589,89630e,3217,1215407
590,e48502,3221,393560
591,ad225b,3224,79744
592,a01f73,3225,379323
593,a8ebca,3237,599248
594,a2200a,3242,936420
595,ab3d14,3243,1433588
596,a42020,3246,711049
597,aaa644,3265,869627
598,7c7a48,3268,1382239
599,440795,3270,432428
600,c0190c,3283,1027054
601,3c542c,3284,1127491
602,a2fdb2,3290,561745
603,406d7b,3294,178964
604,a0acbb,3309,1174132
605,a2845b,3310,139688
606,e4906a,3329,1675342
607,aaa224,3332,248511
608,abef54,3336,846309
609,e48f9c,3337,5018
610,ab9ab3,3338,531222
611,06a0dd,3353,1702779
612,a7d01c,3354,1317907
613,a4b96a,3361,741250
614,ac8d3c,3365,301794
615,a98520,3371,1741971
616,ab08b2,3377,132492
617,a50192,3379,713907
618,a406c9,3383,1070515
619,acd486,3385,470022
620,3c1ffb,3386,416973
621,3c1ffb,698176,1674941
622,7415a1,3394,622519
623,a40797,3396,531409
624,a10231,3399,1115095
625,abf2ea,3400,1736385
626,789239,3408,1518309
627,a3a235,3414,386013
628,7c6d9f,3419,1576043
629,7c6d9f,1583245,1588093
630,a1e5f1,3424,225783
631,aa4a65,3425,1519531
632,aaf60a,3432,410748
633,a8e813,3433,24001
634,a5ac61,3441,667169
635,e495b1,3443,59123
636,ad727d,3451,462312
637,a69cce,3454,1590927
638,a0c0e6,3456,409861
639,a9d5e5,3458,1728578
640,e48b64,3461,1367960
641,a4460d,3466,1290107
642,aa0292,3468,1417390
643,a2003e,3470,5555
644,447ac8,3471,264699
645,447ac8,271874,599082
646,447ac8,606694,830886
647,447ac8,833921,891949
648,447ac8,892489,1324493
649,447ac8,1331266,1482387
650,447ac8,1488471,1497270
651,447ac8,1503029,1702765
652,a224fa,3479,1510975
653,7c705d,3480,363401
654,406e11,3485,1208520
655,346199,3487,728535
656,acf946,3491,193336
657,7c1468,3492,876629
658,a9017a,3506,340720
659,ab742b,3511,1604576
660,a41144,3512,1216368
661,ac9658,3513,1135127
662,71c225,3517,301863
663,ac7b87,3521,1722083
664,abec03,3528,446781
665,a13608,3531,950035
666,ab6394,3537,124812
667,ab6394,131661,133374
668,a03b8e,3541,1158443
669,acb10a,3542,1502505
670,a04bbe,3549,950289
671,a4e8b4,3552,1165568
672,c061d1,3555,1128702
673,a21833,3560,1252789
674,c02fd5,3568,1397788
675,aa779d,3588,943222
676,a877d3,3589,211041
677,45ce48,3592,689964
678,45ce48,735626,741546
679,c066fb,3599,1729909
680,aa8a09,3604,1144156
681,a8c724,3610,242388
682,a87c4f,3614,516308
683,e49050,3615,409811
684,4d20f9,3616,1388764
685,a238a6,3621,10905
686,a817b1,3622,31560
687,a817b1,1431961,1433083
688,a78546,1433015,1439866
689,a94b08,3630,943949
690,acaa77,3633,132590
691,a59d63,3641,386291
692,abc12a,3645,195273
693,a5b1e6,3647,134231
694,a8469e,3655,310923
695,adb35c,3657,1331829
696,a24a8d,3658,621045
697,a0ebab,3662,1750245
698,7c6d2b,3663,43873
699,a32bc8,3665,441267
700,a68caa,3670,936031
701,a2f829,3675,1546249
702,ada31c,3679,577304
703,a06f3a,3681,726030
704,a62312,3683,1667218
705,e49542,3687,547160
706,a12c23,3692,379809
707,7c80fb,3696,340918
708,a836db,3698,713003
709,a4e5a9,3717,426209
710,ab0dc2,3718,1519190
711,a3c775,3720,280179
712,a9903a,3723,696197
713,48412f,3737,517809
714,aa8b40,3744,424240
715,abf78f,3749,1009036
716,7c6b3d,3754,667355
717,a8e8a0,3756,356388
718,a8e8a0,363685,1374245
719,aa5691,3758,1576217
720,a394f8,3759,232377
721,a42ee9,3760,461965
722,ab1971,3763,758385
723,a03262,3773,1396858
724,a4bb8a,3776,645234
725,ad3435,3787,1171179
726,a3d10f,3789,1070683
727,ad6b14,3791,469367
728,e48fb7,3797,538217
729,a8d4f6,3798,1562257
730,c07efb,3800,674127
731,0ac365,3801,585029
732,7c6b36,3803,1143599
733,a25c6e,3806,838934
734,ac9c37,3811,950894
735,abe124,3812,621003
736,a417c9,3825,24588
737,06a2e5,3828,1345518
738,a9410c,3845,38358
739,7808af,3846,697851
740,a04dbe,3858,203088
741,a41412,3861,88800
742,a14104,3872,446964
743,a12ff9,3874,1165830
744,e4812f,3895,1546251
745,ab313c,3907,987939
746,0d0752,3913,988347
747,a98f2d,3917,432604
748,4d0102,3922,590556
749,aa2bc2,3926,577614
750,789232,3927,1518733
751,a03ce6,3932,417350
752,c03c0c,3936,416356
753,a506d9,3940,1481871
754,a506d9,1497788,1503583
755,a506d9,1560878,1562673
756,a359e6,3966,471275
757,a8e2d6,3970,279651
758,a48315,3983,1362929
759,a03f84,3985,1675549
760,abc0c1,3987,544899
761,a3d425,3991,1017388
762,a445f0,3992,923341
763,a7302f,3993,750343
764,a7302f,1561766,1672553
765,a915cf,3998,759071
766,a51968,4000,487220
767,a8a3ce,4005,899166
768,abe450,4017,562335
769,aa9e6d,4033,1701743
770,a21c29,4042,1040927
771,a92ee2,4049,117651
772,7c7b65,4056,1590151
773,7c6db3,4059,638824
774,add0e1,4068,684016
775,a8d5a4,4077,409692
776,a94b72,4080,1675217
777,abd3c7,4082,1047593
778,490035,4085,818435
779,490035,824438,847634
780,490035,854226,951614
781,490035,966097,994436
782,490035,996212,1011065
783,490035,1017425,1025002
784,490035,1025691,1040056
785,490035,1041365,1047296
786,490035,1055503,1107004
787,490035,1113311,1114231
788,490035,1121622,1128770
789,490035,1142401,1157874
790,490035,1166098,1171374
791,490035,1179409,1187097
792,490035,1188035,1382557
793,490035,1388626,1490279
794,490035,1496895,1502621
795,490035,1511442,1517328
796,490035,1518727,1532047
797,490035,1532872,1540080
798,490035,1548454,1554375
799,490035,1562470,1568332
800,490035,1576689,1582249
801,490035,1590666,1603863
802,490035,1610070,1618875
803,490035,1625555,1647395
804,490035,1653671,1659442
805,490035,1660002,1672402
806,490035,1675390,1686464
807,490035,1689304,1700314
808,490035,1703113,1708475
809,490035,1714339,1721836
810,490035,1729421,1756525
811,3c1ff6,4092,1389165
812,3c43a0,4227,9872
813,3c43a0,1374153,1674435
814,ae58eb,4251,1576348
815,a07fa6,4442,1531709
816,a1d4fe,4474,943793
817,000000,4493,45301
818,000000,51676,101668
819,000000,103429,118993
820,a7e12d,5039,787185
821,42432d,5763,11680
822,3412c4,5879,11490
823,aa9071,6047,1087346
824,a29aff,6147,13432
825,a5106e,6218,975425
826,4bb065,6272,885837
827,abbd0a,6321,212521
828,abbd0a,219596,586999
829,a238dc,6338,1597721
830,43bf70,1093193,1094501
831,a1f94c,6727,1145468
832,a65560,6963,1406065
833,aa5a56,7440,64268
834,a01ca5,7441,1199616
835,ac4c7d,7697,664656
836,896307,8045,1415639
837,0d0867,8099,634874
838,7c1172,8128,399324
839,a74f33,9265,581323
840,3c43a6,1249110,1280492
841,3c43a6,1479826,1515876
842,a099a7,115924,123706
843,a01c2a,8972,1134737
844,a34f7f,9266,762906
845,a63a5c,9464,642136
846,a153c1,10112,1375252
847,a0144e,10252,1531181
848,a95d8f,10724,248475
849,a95d8f,456002,569679
850,a95d8f,576734,606518
851,a05ad4,11094,44928
852,a4c48f,11250,1196957
853,06a053,11554,1268959
854,a0b076,11660,1413928
855,aacf19,12391,1386761
856,a26fc9,12563,1042467
857,040048,12659,1110173
858,a3cf6d,13282,19099
859,a8d5bd,14117,1130381
860,a45f8e,14387,20425
861,abc201,360909,368814
862,abc201,461154,482719
863,abc201,867713,875346
864,a87432,15078,108005
865,a672d6,16122,628865
866,abe147,17063,17300
867,a58c2e,20067,1406261
868,a06db4,21252,883550
869,a5042b,23200,936451
870,a2479f,24159,599684
871,a20251,24541,605940
872,a33325,24667,290521
873,a209c0,40328,1378391
874,a8b81e,27045,372514
875,89616d,28084,1707316
876,a3f8b8,28343,92268
877,a9c18b,29510,1402855
878,a50cf0,29971,43438
879,a448d5,30331,1171599
880,7c1469,88461,156566
881,ad4873,32370,52935
882,ada521,33480,266798
883,344115,33903,39641
884,a82908,34596,791973
885,a82908,792652,808896
886,a82908,1452885,1524609
887,a340d2,337236,360930
888,a0cbaf,35777,1522977
889,a81645,38087,1439592
890,ab417a,38495,1240941
891,a2be06,41421,382132
892,a37ab5,42091,416018
893,a06e11,42340,665034
894,7c07cd,45198,454685
895,ae1456,47591,709185
896,abdcbe,47674,811318
897,abdcbe,924141,930578
898,a06d88,48286,844448
899,a4c19a,49982,498040
900,a4c19a,522359,1134396
901,a4c19a,1146937,1381153
902,abbd8d,50466,445747
903,a57361,51834,713004
904,ad116c,51860,1222954
905,a3ff26,52024,57568
906,ac1d74,54949,1562941
907,a10fe8,56886,1365223
908,abe1c2,57476,1616329
909,ad19f2,58907,1545377
910,a3486c,59677,280228
911,ab03a4,61405,75947
912,7c3026,62509,64994
913,a1bed2,64700,300235
914,a57a84,65057,904427
915,a80e4e,65621,73003
916,841ff4,69020,1711953
917,a12d17,70577,1365676
918,a12d17,1379500,1465594
919,424484,218190,1061527
920,780250,72206,584760
921,acaf83,73005,532189
922,a86266,74250,515929
923,a2b1ab,75056,1611762
924,a09e52,75722,329367
925,ae085b,86944,1368539
926,8963d6,87042,470658
927,89611e,87223,386443
928,89611e,424129,425134
929,500194,87716,539402
930,896f17,1702420,1708925
931,0ac9e1,89384,1554367
932,0ac9e1,1560058,1616748
933,896215,283122,289276
934,896215,343675,350623
935,adee4e,90949,1012996
936,7c77fe,91164,97258
937,ae08cf,91232,983646
938,a082ac,161308,746348
939,86d607,230152,232112
940,86d607,299891,1544888
941,ad97dd,92001,1292843
942,7c38fd,92037,136913
943,a1a46d,92179,461303
944,ac760d,93877,100972
945,abad6c,94136,108689
946,a6d7c9,94436,1332522
947,c027d7,94557,554278
948,86e474,94721,569213
949,894090,1469629,1472001
950,a55736,98782,858795
951,a35de5,99836,777621
952,add303,100611,1096589
953,a5f4be,100902,215614
954,a7f445,101920,104342
955,3cd568,102258,1238300
956,ac7f80,102308,1150673
957,ac9abc,104724,1586027
958,a85931,105952,1298435
959,a9827f,106039,142229
960,a2bb10,107677,551974
961,c005b9,107685,1170133
962,ac2fff,107885,1185319
963,abd90c,111357,873790
964,a107ee,120886,1146237
965,4952c3,121707,537747
966,ad08d7,123983,1408415
967,a69c9d,128108,945704
968,a32800,128679,135712
969,45fe3e,129595,655289
970,780726,130872,528274
971,a91d0f,132928,440903
972,a4417d,133163,1539197
973,a8b56f,134200,1303912
974,7c16d4,134674,225172
975,a0e69b,137521,139530
976,a0e69b,176467,461131
977,896110,140840,255513
978,846516,140954,1686347
979,a8c094,145717,1265921
980,a52e54,145864,1609906
981,ab5975,1039534,1383501
982,a19dd0,147855,196378
983,89644c,148473,756532
984,aa568f,151674,1145291
985,ac21c3,154253,167938
986,abfcb6,179964,186432
987,ada336,157358,497002
988,a51ed1,165833,887877
989,89620a,163645,682597
990,89620a,787349,788735
991,a7a60e,164193,171716
992,4844a2,164482,1758486
993,a1701b,164914,1702319
994,a809d3,166011,174727
995,4bb184,780805,797489
996,4bb184,1123762,1153044
997,a10d56,166650,173138
998,789219,167804,1257918
999,a94b6b,171173,1331389
1000,a96172,171697,210908
1001,ac8e1a,175909,1145629
1002,aba9e7,176452,954783
1003,aba9e7,957693,1103750
1004,a8304f,181913,1219625
1005,a66355,182977,445188
1006,a331bd,183016,474679
1007,a3b028,188585,1443059
1008,ad6c3b,189085,1570039
1009,0d0a04,192972,874030
1010,aaaf71,196379,208971
1011,76cd03,196764,252834
1012,a0327f,197707,397862
1013,a30bce,201772,1645754
1014,a03f48,204004,1234000
1015,a7e20a,204045,234469
1016,a1d44e,204471,250878
1017,780487,204603,442800
1018,ab14d9,206581,235207
1019,aa06c2,206869,277913
1020,4243e3,208841,982600
1021,ac828f,210228,735772
1022,344056,210707,224278
1023,a3ccea,218911,1131149
1024,a8a64b,218995,1198590
1025,a6ce36,219069,1577196
1026,8963d4,220536,327590
1027,e024cf,224740,712251
1028,a7df61,225352,239343
1029,343688,226514,239504
1030,a4f7cb,227908,234489
1031,7811f7,227938,873108
1032,7811f7,879520,915767
1033,781650,228216,843050
1034,a1aaae,233290,1729355
1035,c82009,236986,1486156
1036,a07311,239653,1383270
1037,ab3655,326364,341456
1038,7c5744,248703,332627
1039,789217,249418,1316858
1040,a7ade5,249732,1139356
1041,7c6d2f,436407,1254068
1042,896453,259819,495385
1043,484211,535478,537087
1044,0d0c86,262914,612725
1045,0d0c86,619867,755203
1046,a4d621,265456,1420933
1047,7c627f,265720,1711007
1048,acf5bb,267914,1471638
1049,0d0997,268327,327552
1050,0d0997,421421,1319793
1051,acf198,272405,660465
1052,a977a2,273326,1267922
1053,ace7e7,277814,1459130
1054,ab04f3,278552,829168
1055,76cccb,280670,397406
1056,76cccb,405941,968692
1057,abb7f7,282852,1042062
1058,a7cb14,285043,957337
1059,ac21e4,505579,807967
1060,0d07f7,285582,559660
1061,0d07f7,620432,821122
1062,a54dad,287651,1503733
1063,a04b92,289498,647169
1064,a04b92,648531,1463584
1065,ac9723,373228,1122500
1066,a1adab,294704,1518099
1067,a6c58d,304304,855077
1068,e4962d,306182,1689581
1069,abae8f,309765,1729298
1070,a1388c,314339,1370623
1071,7c6d9a,316634,1157121
1072,a327a9,316872,1267151
1073,a32ad5,318493,996685
1074,a7db08,412883,418256
1075,aa9b82,323110,323857
1076,aa9b82,490091,491937
1077,76cda6,323233,1307004
1078,a2d359,323417,823948
1079,a0e940,323854,1111074
1080,a5fef4,327175,1086796
1081,a5fef4,1116672,1123420
1082,a5db4e,328586,335519
1083,a770a2,329365,336299
1084,a5d54e,332211,1353418
1085,c817a6,333118,922998
1086,06a103,339879,1623834
1087,0d0b34,340023,941065
1088,4a7c0b,402191,408158
1089,ae0384,1314986,1321622
1090,ae0384,1600908,1635299
1091,8880f2,353256,748229
1092,8880f2,755094,1178052
1093,a43458,354266,400258
1094,496c25,354629,438249
1095,86e7bc,357523,466473
1096,154ca3,359663,894577
1097,8963b5,445330,453010
1098,a03332,370899,1496674
1099,76aa6c,379473,1310133
1100,ac08f5,379677,936753
1101,ac1099,380897,774240
1102,0200fb,386932,1686756
1103,c81ad5,388143,782097
1104,abef16,393406,454416
1105,abd155,398604,1293769
1106,ab9bb6,399341,969776
1107,ac97e1,402792,1327333
1108,a60fb6,409596,410185
1109,7c6b31,417877,719446
1110,ac0094,419055,932203
1111,a7c68b,419061,909133
1112,c05e9b,428351,458491
1113,c05e9b,1116903,1167720
1114,c05e9b,1493019,1498028
1115,7c3321,428558,1265728
1116,7c3321,1272306,1494064
1117,7c5b59,436189,1240850
1118,7c5b59,1298656,1299196
1119,a09702,437463,852851
1120,acf686,672741,1573548
1121,a20d1c,438167,476174
1122,71bf44,440263,817198
1123,ab6afa,445515,1616178
1124,ab4383,445978,1401318
1125,8963b0,450788,1477697
1126,a5b3ad,455678,493660
1127,7c5959,456584,1325842
1128,7c5959,1347172,1353993
1129,c07f67,457525,1282734
1130,ac3183,461130,815373
1131,ad646e,967244,1054493
1132,a5b311,463695,1526657
1133,a0ba96,464600,1723458
1134,a28812,812091,813871
1135,abd096,471595,499558
1136,a613e7,477791,1083879
1137,a449af,478571,1503297
1138,a6b55a,478666,1462929
1139,a339b1,486568,530020
1140,a339b1,638398,729172
1141,e491a2,487658,495454
1142,a2d710,488256,975569
1143,ad00e0,489136,1586283
1144,a78cfc,489790,913053
1145,a62e03,490138,1309769
1146,0d09b2,495256,1570621
1147,aa3cbf,501959,1179581
1148,a52c00,507085,1464761
1149,4000fb,510305,1021558
1150,344417,515132,517580
1151,7811ea,519164,1145416
1152,a6c6cb,520334,993063
1153,a6c6cb,1001950,1242890
1154,a876d7,520470,806411
1155,e48dad,608466,1756807
1156,c055c6,532417,1590511
1157,a0822c,807599,814868
1158,a569c9,540116,1497916
1159,a7eef3,549800,722227
1160,04c15a,550137,1243081
1161,89913a,563897,1218722
1162,e495c2,564259,1718097
1163,e495c2,1737896,1740066
1164,e495c2,1745568,1752377
1165,a76f43,567447,573846
1166,a76f43,673420,679237
1167,a78a52,568106,1552692
1168,abb205,568650,1071271
1169,a81815,674741,681482
1170,0ac9c2,576427,666967
1171,a43b91,577766,1120784
1172,a3e70e,582343,1358880
1173,a4b065,582905,1401679
1174,ad127f,585699,1189167
1175,ad127f,1218579,1491616
1176,ad3579,1268699,1291907
1177,a1bea8,590081,1452242
1178,a63bf4,591051,1731029
1179,8681b3,597777,1721351
1180,01022b,602345,617900
1181,e8041f,610473,1174834
1182,a62695,613309,1058616
1183,aabd56,613932,1331123
1184,09601b,616072,738160
1185,adca15,624444,1204895
1186,896512,632256,1212125
1187,a030d4,633555,1542420
1188,a858f3,639301,715744
1189,738444,648194,1356920
1190,71c095,652099,1041424
1191,a2b182,655264,1306347
1192,a517a1,655401,745851
1193,a0464a,664544,762990
1194,acca73,667808,803628
1195,aa7b40,673941,1322325
1196,a0d84a,764531,771636
1197,a0d84a,773288,779319
1198,a0d84a,794287,801714
1199,a0d84a,802648,809881
1200,a0d84a,839520,846952
1201,a0d84a,855219,863129
1202,a0d84a,868838,876257
1203,a0d84a,892704,906195
1204,a0d84a,913310,920967
1205,a0d84a,935876,944218
1206,a0d84a,949716,951625
1207,a0d84a,958373,974061
1208,a0d84a,988192,1002510
1209,a0d84a,1012379,1017870
1210,a0d84a,1026182,1038748
1211,a0d84a,1040307,1054884
1212,a0d84a,1061555,1070032
1213,a0d84a,1158003,1158259
1214,a0d84a,1281883,1287887
1215,a0d84a,1374551,1376362
1216,a0d84a,1403291,1404331
1217,a0d84a,1419998,1424806
1218,a0d84a,1460017,1461971
1219,a0736f,678826,939503
1220,a81205,683804,773436
1221,a81205,913470,921364
1222,7c801c,684403,1190028
1223,a451d0,688110,1236072
1224,acaec8,689129,1561505
1225,c05a23,693538,705828
1226,7813ff,704306,757175
1227,a7bc58,712042,1618869
1228,a8e6f2,717201,724870
1229,42441b,722424,1527002
1230,a88df0,727858,1317273
1231,c08268,729482,1625910
1232,a3361e,734967,786750
1233,a451cb,735504,1454290
1234,a57d56,735514,1561460
1235,7808d1,737619,1197310
1236,495305,740576,1045163
1237,495305,1052542,1082070
1238,841ae0,755844,852808
1239,aba324,756188,1652354
1240,750263,764668,788768
1241,71bf88,769547,1459278
1242,7807ff,770662,896468
1243,7c7798,773293,1736150
1244,7819f0,773150,1418113
1245,342107,773219,863721
1246,a6c12f,775351,1498112
1247,7c72d4,775767,1123262
1248,a2e07c,787860,832298
1249,ac671b,790001,1703505
1250,a86c31,799843,821937
1251,c05ed9,800826,1179706
1252,7c4a41,803201,1411578
1253,ab772d,816887,944128
1254,abc07b,817525,824583
1255,abc07b,936547,995112
1256,a958d2,827445,1477635
1257,a471ec,830891,833938
1258,a471ec,1055282,1062043
1259,ae4a28,835020,858918
1260,a3e346,837843,1263950
1261,7cc3fa,839419,1496991
1262,71c334,839793,1545860
1263,8a07c9,845099,1650796
1264,89616f,848869,1417301
1265,ac30cd,851976,1430138
1266,a54f28,853984,951202
1267,7c5d62,867961,1190800
1268,c8809d,872611,1745750
1269,7816e5,879090,1255701
1270,a22e7f,884257,1106356
1271,0d0ad1,885627,1758916
1272,a2c087,890793,1275408
1273,a6c7b2,917143,1072548
1274,aced1c,917487,1427372
1275,a8def1,950725,951864
1276,ac9c6d,921025,937724
1277,ac9c6d,943424,1165226
1278,a95173,922246,1309952
1279,c04205,925861,1649408
1280,a43694,926400,1321638
1281,a3ac7a,927926,1565296
1282,3c5422,1062327,1532470
1283,8964e3,938995,1385727
1284,a420a4,944839,992435
1285,a29a37,945833,946869
1286,a29a37,1051491,1066002
1287,4244a3,952029,965088
1288,aa8987,952905,1084896
1289,a2e9a3,970546,1707031
1290,888141,982151,1068203
1291,ab6077,985865,1234801
1292,89914f,986475,1236662
1293,a07a76,990584,1634075
1294,a4eca6,993218,1000290
1295,a1d52a,996017,1517271
1296,abd559,1004265,1022074
1297,780e0e,1006522,1724883
1298,acdd74,1029817,1609804
1299,7cf853,1034691,1174860
1300,7cf853,1182099,1284249
1301,ab97c1,1037647,1693527
1302,71c243,1038884,1173690
1303,896459,1039561,1468358
1304,440607,1044330,1045643
1305,440607,1257451,1263955
1306,440607,1294268,1301266
1307,0d0a13,1058058,1138059
1308,0d0cfd,1071122,1097622
1309,a97742,1079857,1583757
1310,71bf22,1091777,1568200
1311,71bf22,1574237,1644793
1312,accb65,1099728,1194239
1313,a5dc39,1104619,1301824
1314,0c204f,1115648,1746081
1315,a71b11,1124139,1654176
1316,a6a414,1134418,1402454
1317,ab19df,1135125,1144504
1318,4d229a,1147979,1176374
1319,a65351,1152826,1751398
1320,aa73a0,1153133,1276632
1321,aa73a0,1284095,1285371
1322,406ea3,1239167,1247379
1323,0d08ee,1166987,1383699
1324,c8216e,1167967,1443381
1325,a3ad47,1210477,1442977
1326,ac6364,1210690,1297126
1327,896218,1215876,1618809
1328,89610e,1216026,1617698
1329,0d0a25,1217878,1490811
1330,800d61,1228664,1608323
1331,ad3098,1336260,1344660
1332,c038b5,1232391,1687013
1333,a6d00b,1238322,1539336
1334,8990e6,1246438,1742562
1335,888065,1248141,1384078
1336,78116f,1255391,1443670
1337,a9db7c,1257650,1308396
1338,a3e122,1259051,1448253
1339,04c147,1259899,1617303
1340,452067,1259948,1359758
1341,a098cc,1263697,1494193
1342,ab214d,1301560,1307811
1343,a29e5c,1421789,1592216
1344,ab30e5,1308980,1314974
1345,896172,1309053,1421918
1346,ac747b,1310497,1624500
1347,a34fae,1662403,1681654
1348,a0e1f1,1330133,1344324
1349,a0e1f1,1402055,1566850
1350,a5b764,1331662,1360040
1351,780b60,1337947,1345261
1352,4d22d4,1341694,1343133
1353,4d22d4,1392260,1406472
1354,a12e36,1342953,1712407
1355,840d81,1369029,1375237
1356,a18021,1382129,1468389
1357,a019e6,1387131,1726706
1358,e495df,1388322,1419642
1359,a89915,1388548,1391012
1360,345543,1414665,1441230
1361,ab77b1,1429991,1705443
1362,e490b1,1441402,1449305
1363,42436b,1468411,1503771
1364,a866aa,1489838,1496693
1365,896178,1492167,1499455
1366,ab514b,1492713,1535957
1367,abefdd,1541976,1626640
1368,a8ee63,1550231,1552127
1369,a11ad4,1621942,1622771
1370,a836fb,1651070,1658067
1371,ab6cc9,1584720,1696295
1372,c87f00,1588941,1617542
1373,a78ffa,1600606,1606934
1374,71bf23,1613682,1724546
1375,a5f976,1645203,1658858
1376,89612c,1629832,1635421
1377,a2e806,1642396,1752895
1378,e492a6,1673922,1750638
1379,896f21,1703237,1714122
1380,a3ed69,1712824,1721232
1381,7bb057,1723016,1729881
